{
  "资产负债率(%)": {
    "平均值": 41.998442857142855,
    "中位数": 41.6171,
    "标准差": 23.233323252810386,
    "25分位数": 25.45005,
    "75分位数": 58.308800000000005
  },
  "销售净利率(%)": {
    "平均值": 15.03082285714286,
    "中位数": 11.1443,
    "标准差": 11.133802779614184,
    "25分位数": 7.38125,
    "75分位数": 22.4573
  },
  "净资产收益率(%)": {
    "平均值": 3.1542857142857144,
    "中位数": 2.28,
    "标准差": 5.162505824360358,
    "25分位数": 0.795,
    "75分位数": 3.045
  },
  "总资产周转率(次)": {
    "平均值": 0.10512571428571428,
    "中位数": 0.0874,
    "标准差": 0.05780840740226766,
    "25分位数": 0.07345,
    "75分位数": 0.121
  }
}